SCORE,TIME,SEC
1.5,2025-10-08 10:40:58,0
1.46,2025-10-08 10:41:20,22
1.48,2025-10-08 10:41:43,45
1.5,2025-10-08 10:42:06,67
5.2,2025-10-08 10:42:28,90
2.15,2025-10-08 10:42:51,113
1.84,2025-10-08 10:43:14,135
2.5,2025-10-08 10:43:36,158
1.71,2025-10-08 10:43:59,181
1.0,2025-10-08 10:44:22,203
7.01,2025-10-08 10:44:44,226
2.24,2025-10-08 10:45:07,249
2.42,2025-10-08 10:45:29,271
2.11,2025-10-08 10:45:52,294
4.78,2025-10-08 10:46:15,317
4.51,2025-10-08 10:46:37,339
1.32,2025-10-08 10:47:00,362
1.43,2025-10-08 10:47:23,385
3.54,2025-10-08 10:47:45,407
1.2,2025-10-08 10:48:08,430
1.17,2025-10-08 10:48:31,453
1.86,2025-10-08 10:48:53,475
1.36,2025-10-08 10:49:16,498
1.31,2025-10-08 10:49:39,521
5.71,2025-10-08 10:50:01,543
4.31,2025-10-08 10:50:24,566
2.24,2025-10-08 10:50:47,589
2.0,2025-10-08 10:51:09,611
8.69,2025-10-08 10:51:32,634
1.64,2025-10-08 10:51:55,657
1.1,2025-10-08 10:52:17,679
6.43,2025-10-08 10:52:40,702
4.0,2025-10-08 10:53:03,724
3.71,2025-10-08 10:53:25,747
1.24,2025-10-08 10:53:48,770
2.13,2025-10-08 10:54:11,792
1.09,2025-10-08 10:54:33,815
3.87,2025-10-08 10:54:56,838
2.8,2025-10-08 10:55:19,860
2.98,2025-10-08 10:55:41,883
4.8,2025-10-08 10:56:04,906
2.51,2025-10-08 10:56:27,928
5.38,2025-10-08 10:56:49,951
1.19,2025-10-08 10:57:12,973
4.41,2025-10-08 10:57:34,996
1.24,2025-10-08 10:57:57,1018
1.36,2025-10-08 10:58:19,1041
1.17,2025-10-08 10:58:42,1063
1.14,2025-10-08 10:59:04,1086
3.38,2025-10-08 10:59:27,1108
4.78,2025-10-08 10:59:49,1131
1.57,2025-10-08 11:00:12,1153
1.56,2025-10-08 11:00:34,1176
1.37,2025-10-08 11:00:57,1198
1.64,2025-10-08 11:01:19,1221
1.36,2025-10-08 11:01:42,1243
3.2,2025-10-08 11:02:04,1266
72.59,2025-10-08 11:02:27,1288
3.0,2025-10-08 11:02:49,1311
1.16,2025-10-08 11:03:12,1333
1.37,2025-10-08 11:03:34,1356
53.67,2025-10-08 11:03:57,1378
4.6,2025-10-08 11:04:19,1401
10.99,2025-10-08 11:04:42,1423
1.0,2025-10-08 11:05:04,1446
2.26,2025-10-08 11:05:27,1468
1.45,2025-10-08 11:05:49,1491
14.69,2025-10-08 11:06:12,1513
1.05,2025-10-08 11:06:34,1536
1.04,2025-10-08 11:06:57,1558
4.6,2025-10-08 11:07:19,1581
9.85,2025-10-08 11:07:42,1603
2.42,2025-10-08 11:08:04,1626
1.28,2025-10-08 11:08:27,1648
8.9,2025-10-08 11:08:49,1671
1.47,2025-10-08 11:09:12,1693
4.02,2025-10-08 11:09:34,1716
3.6,2025-10-08 11:09:57,1738
1.37,2025-10-08 11:10:19,1761
1.0,2025-10-08 11:10:42,1783
1.08,2025-10-08 11:11:04,1806
6.0,2025-10-08 11:11:27,1828
2.78,2025-10-08 11:11:49,1851
4.84,2025-10-08 11:12:12,1873
2.0,2025-10-08 11:12:34,1896
5.56,2025-10-08 11:12:57,1918
1.05,2025-10-08 11:13:19,1941
1.79,2025-10-08 11:13:42,1963
1.8,2025-10-08 11:14:04,1986
121.13,2025-10-08 11:14:27,2008
1.35,2025-10-08 11:14:49,2031
1.02,2025-10-08 11:15:12,2053
2.0,2025-10-08 11:15:34,2076
1.35,2025-10-08 11:15:57,2098
1.0,2025-10-08 11:16:19,2121
1.33,2025-10-08 11:16:42,2143
1.41,2025-10-08 11:17:04,2166
19.37,2025-10-08 11:17:27,2188
1.0,2025-10-08 11:17:49,2211
1.81,2025-10-08 11:18:12,2233
1.81,2025-10-08 11:18:34,2256
2.48,2025-10-08 11:18:57,2278
4.37,2025-10-08 11:19:19,2301
1.61,2025-10-08 11:19:42,2323
8.0,2025-10-08 11:20:04,2346
1.44,2025-10-08 11:20:27,2368
49.18,2025-10-08 11:20:52,2394
1.3,2025-10-08 11:21:18,2420
6.25,2025-10-08 11:21:44,2446
5.14,2025-10-08 11:22:09,2471
4.07,2025-10-08 11:22:35,2497
4.89,2025-10-08 11:23:01,2523
1.04,2025-10-08 11:23:27,2548
4.01,2025-10-08 11:23:52,2574
24.8,2025-10-08 11:24:18,2600
2.59,2025-10-08 11:24:44,2626
2.75,2025-10-08 11:25:09,2651
1643.33,2025-10-08 11:25:35,2677
1.28,2025-10-08 11:26:01,2703
1.12,2025-10-08 11:26:27,2728
2.01,2025-10-08 11:26:52,2754
11.34,2025-10-08 11:27:18,2780
5.32,2025-10-08 11:27:44,2806
3.88,2025-10-08 11:28:09,2831
2.29,2025-10-08 11:28:35,2857
1.72,2025-10-08 11:29:01,2883
2.69,2025-10-08 11:29:27,2908
6.6,2025-10-08 11:29:52,2934
2.0,2025-10-08 11:30:18,2960
2.33,2025-10-08 11:30:44,2986
2.33,2025-10-08 11:31:09,3011
1.85,2025-10-08 11:31:35,3037
1.11,2025-10-08 11:32:01,3063
3.79,2025-10-08 11:32:27,3088
2.35,2025-10-08 11:32:47,3109
17.64,2025-10-08 11:33:08,3130
1.0,2025-10-08 11:33:28,3150
1.26,2025-10-08 11:33:49,3171
46.22,2025-10-08 11:34:09,3191
1.31,2025-10-08 11:34:30,3212
1.86,2025-10-08 11:34:51,3232
1.18,2025-10-08 11:35:11,3253
7.23,2025-10-08 11:35:32,3274
2.79,2025-10-08 11:35:52,3294
1.58,2025-10-08 11:36:13,3315
1.47,2025-10-08 11:36:33,3335
1.88,2025-10-08 11:36:54,3356
1.01,2025-10-08 11:37:15,3376
1.06,2025-10-08 11:37:35,3397
1.02,2025-10-08 11:37:56,3418
1.44,2025-10-08 11:38:16,3438
4.08,2025-10-08 11:38:37,3459
1.03,2025-10-08 11:38:57,3479
1.02,2025-10-08 11:39:18,3500
1.68,2025-10-08 11:39:39,3520
1.74,2025-10-08 11:39:59,3541
3.82,2025-10-08 11:40:20,3562
1.45,2025-10-08 11:40:40,3582
5.43,2025-10-08 11:41:01,3603
2.21,2025-10-08 11:41:21,3623
1.59,2025-10-08 11:41:42,3644
4.94,2025-10-08 11:42:03,3664
1.28,2025-10-08 11:42:23,3685
8.93,2025-10-08 11:42:44,3706
1.27,2025-10-08 11:43:04,3726
2.2,2025-10-08 11:43:25,3747
1.78,2025-10-08 11:43:45,3767
3.52,2025-10-08 11:44:06,3788
1.43,2025-10-08 11:44:27,3808
1.14,2025-10-08 11:44:49,3831
5.0,2025-10-08 11:45:12,3853
1.29,2025-10-08 11:45:34,3876
2.57,2025-10-08 11:45:57,3898
1.25,2025-10-08 11:46:19,3921
1.1,2025-10-08 11:46:42,3944
1.48,2025-10-08 11:47:04,3966
2.06,2025-10-08 11:47:27,3989
2.59,2025-10-08 11:47:49,4011
1.64,2025-10-08 11:48:12,4034
5.55,2025-10-08 11:48:34,4056
4.78,2025-10-08 11:48:57,4079
10.64,2025-10-08 11:49:19,4101
6.73,2025-10-08 11:49:42,4124
3.38,2025-10-08 11:50:04,4146
1.91,2025-10-08 11:50:27,4169
1.06,2025-10-08 11:50:50,4191
2.76,2025-10-08 11:51:12,4214
1.26,2025-10-08 11:51:35,4236
1.64,2025-10-08 11:51:57,4259
2.33,2025-10-08 11:52:20,4282
1.32,2025-10-08 11:52:42,4304
1.07,2025-10-08 11:53:05,4327
2.12,2025-10-08 11:53:27,4349
107.97,2025-10-08 11:53:50,4372
1.0,2025-10-08 11:54:12,4394
137.36,2025-10-08 11:54:35,4417
1.02,2025-10-08 11:54:57,4439
1.81,2025-10-08 11:55:20,4462
3.18,2025-10-08 11:55:42,4484
7.8,2025-10-08 11:56:05,4507
1.38,2025-10-08 11:56:28,4529
3.17,2025-10-08 11:56:54,4556
17.55,2025-10-08 11:57:20,4582
1.0,2025-10-08 11:57:47,4608
1.46,2025-10-08 11:58:13,4635
1.28,2025-10-08 11:58:39,4661
895.55,2025-10-08 11:59:06,4688
2.45,2025-10-08 11:59:32,4714
23.85,2025-10-08 11:59:58,4740
1.01,2025-10-08 12:00:25,4767
73.5,2025-10-08 12:00:51,4793
1.04,2025-10-08 12:01:18,4819
1.16,2025-10-08 12:01:44,4846
8.73,2025-10-08 12:02:10,4872
5.65,2025-10-08 12:02:37,4898
2.98,2025-10-08 12:03:03,4925
2.19,2025-10-08 12:03:29,4951
7.63,2025-10-08 12:03:56,4978
1.3,2025-10-08 12:04:22,5004
2.02,2025-10-08 12:04:48,5030
5.4,2025-10-08 12:05:15,5057
2.17,2025-10-08 12:05:41,5083
2.16,2025-10-08 12:06:08,5109
1.15,2025-10-08 12:06:34,5136
1.1,2025-10-08 12:07:00,5162
2.47,2025-10-08 12:07:27,5188
1.1,2025-10-08 12:07:53,5215
1.23,2025-10-08 12:08:19,5241
1.16,2025-10-08 12:08:46,5268
1.02,2025-10-08 12:09:12,5294
1.96,2025-10-08 12:09:38,5320
1.35,2025-10-08 12:10:05,5347
2.84,2025-10-08 12:10:31,5373
9.79,2025-10-08 12:10:58,5399
129.24,2025-10-08 12:11:20,5422
12.43,2025-10-08 12:11:43,5444
2.16,2025-10-08 12:12:05,5467
3.41,2025-10-08 12:12:28,5489
1.76,2025-10-08 12:12:50,5512
1.71,2025-10-08 12:13:13,5534
1.95,2025-10-08 12:13:35,5557
1.38,2025-10-08 12:13:58,5579
1.47,2025-10-08 12:14:20,5602
1.19,2025-10-08 12:14:43,5624
2.82,2025-10-08 12:15:05,5647
1.45,2025-10-08 12:15:28,5669
17.9,2025-10-08 12:15:50,5692
6.33,2025-10-08 12:16:13,5714
2.12,2025-10-08 12:16:35,5737
3.01,2025-10-08 12:16:58,5759
1.21,2025-10-08 12:17:20,5782
1.0,2025-10-08 12:17:43,5804
1.19,2025-10-08 12:18:05,5827
3.28,2025-10-08 12:18:28,5849
1.34,2025-10-08 12:18:50,5872
1.24,2025-10-08 12:19:13,5894
1.5,2025-10-08 12:19:35,5917
3.35,2025-10-08 12:19:58,5939
3.82,2025-10-08 12:20:20,5962
2.48,2025-10-08 12:20:43,5984
4.43,2025-10-08 12:21:05,6007
2.21,2025-10-08 12:21:28,6029
7.35,2025-10-08 12:21:50,6052
5.95,2025-10-08 12:22:13,6074
21.84,2025-10-08 12:22:35,6097
1.38,2025-10-08 12:22:58,6119
5.31,2025-10-08 12:23:22,6144
5.43,2025-10-08 12:23:47,6169
2.26,2025-10-08 12:24:12,6194
3.13,2025-10-08 12:24:37,6219
3.91,2025-10-08 12:25:02,6244
8.91,2025-10-08 12:25:26,6268
48.2,2025-10-08 12:25:51,6293
1.53,2025-10-08 12:26:16,6318
5.65,2025-10-08 12:26:41,6343
1.0,2025-10-08 12:27:06,6368
4.8,2025-10-08 12:27:31,6392
1.34,2025-10-08 12:27:55,6417
20.26,2025-10-08 12:28:20,6442
1.82,2025-10-08 12:28:45,6467
4.09,2025-10-08 12:29:10,6492
3.07,2025-10-08 12:29:35,6517
1.88,2025-10-08 12:30:00,6541
19.18,2025-10-08 12:30:24,6566
2.55,2025-10-08 12:30:49,6591
1.23,2025-10-08 12:31:14,6616
1.18,2025-10-08 12:31:39,6641
1.93,2025-10-08 12:32:04,6666
1.63,2025-10-08 12:32:29,6690
1.03,2025-10-08 12:32:53,6715
2.77,2025-10-08 12:33:18,6740
1.54,2025-10-08 12:33:43,6765
1.01,2025-10-08 12:34:08,6790
2.41,2025-10-08 12:34:33,6815
1.24,2025-10-08 12:34:58,6839
1.07,2025-10-08 12:35:21,6863
1.02,2025-10-08 12:35:44,6886
1.42,2025-10-08 12:36:07,6909
1.69,2025-10-08 12:36:30,6932
1.57,2025-10-08 12:36:54,6956
2.44,2025-10-08 12:37:17,6979
1.02,2025-10-08 12:37:40,7002
1.0,2025-10-08 12:38:03,7025
2.96,2025-10-08 12:38:27,7048
1.16,2025-10-08 12:38:50,7072
1.86,2025-10-08 12:39:13,7095
3.43,2025-10-08 12:39:36,7118
1.3,2025-10-08 12:39:59,7141
3.17,2025-10-08 12:40:23,7165
1.47,2025-10-08 12:40:46,7188
4.13,2025-10-08 12:41:09,7211
2.15,2025-10-08 12:41:32,7234
1.0,2025-10-08 12:41:56,7257
1.71,2025-10-08 12:42:19,7281
2.72,2025-10-08 12:42:42,7304
1.07,2025-10-08 12:43:05,7327
1.34,2025-10-08 12:43:28,7350
16.12,2025-10-08 12:43:52,7374
4.59,2025-10-08 12:44:15,7397
2.75,2025-10-08 12:44:38,7420
19.11,2025-10-08 12:45:01,7443
1.33,2025-10-08 12:45:25,7466
4.49,2025-10-08 12:45:48,7490
2.97,2025-10-08 12:46:11,7513
2.05,2025-10-08 12:46:34,7536
1.13,2025-10-08 12:46:58,7559
1.3,2025-10-08 12:47:19,7581
1.02,2025-10-08 12:47:41,7603
8.99,2025-10-08 12:48:03,7625
1.26,2025-10-08 12:48:25,7647
19.76,2025-10-08 12:48:47,7668
1.38,2025-10-08 12:49:08,7690
3.84,2025-10-08 12:49:30,7712
1.56,2025-10-08 12:49:52,7734
1.88,2025-10-08 12:50:14,7756
1.16,2025-10-08 12:50:36,7778
1.0,2025-10-08 12:50:58,7799
3.92,2025-10-08 12:51:19,7821
1.78,2025-10-08 12:51:41,7843
1.65,2025-10-08 12:52:03,7865
11.11,2025-10-08 12:52:25,7887
10.07,2025-10-08 12:52:47,7908
1.62,2025-10-08 12:53:08,7930
1.11,2025-10-08 12:53:30,7952
1.83,2025-10-08 12:53:52,7974
3.29,2025-10-08 12:54:14,7996
1.62,2025-10-08 12:54:36,8018
3.69,2025-10-08 12:54:58,8039
3.51,2025-10-08 12:55:19,8061
1.29,2025-10-08 12:55:41,8083
1.25,2025-10-08 12:56:03,8105
1.39,2025-10-08 12:56:25,8127
9.88,2025-10-08 12:56:47,8148
2.91,2025-10-08 12:57:08,8170
6.62,2025-10-08 12:57:30,8192
8.08,2025-10-08 12:57:52,8214
1.13,2025-10-08 12:58:14,8236
4.73,2025-10-08 12:58:36,8258
1.91,2025-10-08 12:58:58,8279
6.24,2025-10-08 12:59:22,8304
4.8,2025-10-08 12:59:47,8329
11.41,2025-10-08 13:00:12,8354
8.85,2025-10-08 13:00:37,8379
4.28,2025-10-08 13:01:02,8404
1.0,2025-10-08 13:01:27,8429
1.54,2025-10-08 13:01:52,8453
3.59,2025-10-08 13:02:16,8478
10.99,2025-10-08 13:02:41,8503
7.19,2025-10-08 13:03:06,8528
1.97,2025-10-08 13:03:31,8553
1.36,2025-10-08 13:03:56,8578
20.75,2025-10-08 13:04:21,8603
7.09,2025-10-08 13:04:46,8627
3.59,2025-10-08 13:05:10,8652
1.03,2025-10-08 13:05:35,8677
1.45,2025-10-08 13:06:00,8702
1.21,2025-10-08 13:06:25,8727
2.25,2025-10-08 13:06:50,8752
1.0,2025-10-08 13:07:15,8777
1.27,2025-10-08 13:07:40,8801
3.55,2025-10-08 13:08:04,8826
1.22,2025-10-08 13:08:29,8851
1.2,2025-10-08 13:08:54,8876
1.57,2025-10-08 13:09:19,8901
1.45,2025-10-08 13:09:44,8926
2.03,2025-10-08 13:10:09,8951
58.97,2025-10-08 13:10:34,8976
4.15,2025-10-08 13:10:59,9000
2.57,2025-10-08 13:11:21,9023
1.48,2025-10-08 13:11:44,9045
5.49,2025-10-08 13:12:06,9068
1.22,2025-10-08 13:12:29,9090
1.02,2025-10-08 13:12:51,9113
1.76,2025-10-08 13:13:14,9135
1.24,2025-10-08 13:13:36,9158
17.04,2025-10-08 13:13:59,9180
4.66,2025-10-08 13:14:21,9203
3.42,2025-10-08 13:14:44,9225
1.74,2025-10-08 13:15:06,9248
1.6,2025-10-08 13:15:29,9270
30.2,2025-10-08 13:15:51,9293
1.74,2025-10-08 13:16:14,9315
1.0,2025-10-08 13:16:36,9338
6.21,2025-10-08 13:16:59,9360
19.64,2025-10-08 13:17:21,9383
1.25,2025-10-08 13:17:44,9405
2.5,2025-10-08 13:18:06,9428
1.0,2025-10-08 13:18:29,9450
2.74,2025-10-08 13:18:51,9473
2.18,2025-10-08 13:19:14,9495
5.48,2025-10-08 13:19:36,9518
1.02,2025-10-08 13:19:59,9540
2.98,2025-10-08 13:20:21,9563
1.46,2025-10-08 13:20:44,9585
1.66,2025-10-08 13:21:06,9608
2.34,2025-10-08 13:21:29,9630
3.27,2025-10-08 13:21:51,9653
1.0,2025-10-08 13:22:14,9675
1.32,2025-10-08 13:22:36,9698
4.69,2025-10-08 13:22:59,9720
3.64,2025-10-08 13:23:21,9743
1.02,2025-10-08 13:23:44,9765
3.76,2025-10-08 13:24:06,9788
2.15,2025-10-08 13:24:29,9810
4.12,2025-10-08 13:24:51,9833
1.0,2025-10-08 13:25:14,9855
2.18,2025-10-08 13:25:36,9878
1.47,2025-10-08 13:25:59,9900
30.4,2025-10-08 13:26:21,9923
1.0,2025-10-08 13:26:44,9945
5.55,2025-10-08 13:27:06,9968
2.11,2025-10-08 13:27:29,9990
1.57,2025-10-08 13:27:51,10013
1.4,2025-10-08 13:28:14,10035
1.07,2025-10-08 13:28:36,10058
1.36,2025-10-08 13:28:59,10080
1.09,2025-10-08 13:29:21,10103
6.29,2025-10-08 13:29:44,10125
3.93,2025-10-08 13:30:06,10148
11.91,2025-10-08 13:30:29,10170
1.11,2025-10-08 13:30:51,10193
5.07,2025-10-08 13:31:14,10215
1.49,2025-10-08 13:31:36,10238
1.76,2025-10-08 13:31:59,10260
5.68,2025-10-08 13:32:21,10283
1.79,2025-10-08 13:32:44,10305
1.27,2025-10-08 13:33:06,10328
24.17,2025-10-08 13:33:29,10350
6.82,2025-10-08 13:33:51,10373
1.24,2025-10-08 13:34:14,10395
2.32,2025-10-08 13:34:36,10418
4.31,2025-10-08 13:34:59,10440
1.85,2025-10-08 13:35:22,10464
2.01,2025-10-08 13:35:45,10487
2.22,2025-10-08 13:36:08,10510
2.05,2025-10-08 13:36:31,10533
1.03,2025-10-08 13:36:55,10557
2.67,2025-10-08 13:37:18,10580
8.5,2025-10-08 13:37:41,10603
11.81,2025-10-08 13:38:04,10626
8.66,2025-10-08 13:38:28,10649
1.0,2025-10-08 13:38:51,10673
1.22,2025-10-08 13:39:14,10696
1.34,2025-10-08 13:39:37,10719
1.5,2025-10-08 13:40:00,10742
1.35,2025-10-08 13:40:24,10766
1.22,2025-10-08 13:40:47,10789
1.65,2025-10-08 13:41:10,10812
1.92,2025-10-08 13:41:33,10835
5.09,2025-10-08 13:41:57,10858
1.12,2025-10-08 13:42:20,10882
1.0,2025-10-08 13:42:43,10905
1.57,2025-10-08 13:43:06,10928
1.77,2025-10-08 13:43:29,10951
9.98,2025-10-08 13:43:53,10975
68.56,2025-10-08 13:44:16,10998
53.79,2025-10-08 13:44:39,11021
1.16,2025-10-08 13:45:02,11044
1.3,2025-10-08 13:45:26,11067
81.38,2025-10-08 13:45:49,11091
1.26,2025-10-08 13:46:12,11114
1.21,2025-10-08 13:46:35,11137
1.0,2025-10-08 13:46:59,11160
1.16,2025-10-08 13:47:20,11182
1.32,2025-10-08 13:47:42,11204
2.05,2025-10-08 13:48:04,11226
1.2,2025-10-08 13:48:26,11248
1.29,2025-10-08 13:48:48,11269
1.29,2025-10-08 13:49:09,11291
1.15,2025-10-08 13:49:31,11313
4.52,2025-10-08 13:49:53,11335
19.76,2025-10-08 13:50:15,11357
4.37,2025-10-08 13:50:37,11379
1.27,2025-10-08 13:50:59,11400
1.49,2025-10-08 13:51:20,11422
1.47,2025-10-08 13:51:42,11444
1.07,2025-10-08 13:52:04,11466
1.36,2025-10-08 13:52:26,11488
10.46,2025-10-08 13:52:48,11509
11.06,2025-10-08 13:53:09,11531
2.05,2025-10-08 13:53:31,11553
4.21,2025-10-08 13:53:53,11575
1.36,2025-10-08 13:54:15,11597
1.0,2025-10-08 13:54:37,11619
2.62,2025-10-08 13:54:59,11640
1.54,2025-10-08 13:55:20,11662
24.01,2025-10-08 13:55:42,11684
3.41,2025-10-08 13:56:04,11706
1.57,2025-10-08 13:56:26,11728
10.98,2025-10-08 13:56:48,11749
1.84,2025-10-08 13:57:09,11771
1.24,2025-10-08 13:57:31,11793
1.08,2025-10-08 13:57:53,11815
2.43,2025-10-08 13:58:15,11837
1.35,2025-10-08 13:58:37,11859
5.72,2025-10-08 13:58:59,11880
7.26,2025-10-08 13:59:18,11900
2.26,2025-10-08 13:59:37,11919
1.4,2025-10-08 13:59:57,11939
1.07,2025-10-08 14:00:16,11958
1.25,2025-10-08 14:00:36,11978
1.2,2025-10-08 14:00:55,11997
1.14,2025-10-08 14:01:15,12017
17.0,2025-10-08 14:01:34,12036
3.5,2025-10-08 14:01:54,12056
2.35,2025-10-08 14:02:13,12075
1.14,2025-10-08 14:02:33,12094
1.86,2025-10-08 14:02:52,12114
1.51,2025-10-08 14:03:11,12133
1.5,2025-10-08 14:03:31,12153
1.25,2025-10-08 14:03:50,12172
1.03,2025-10-08 14:04:10,12192
1.77,2025-10-08 14:04:29,12211
1.11,2025-10-08 14:04:49,12231
1.7,2025-10-08 14:05:08,12250
7.22,2025-10-08 14:05:28,12270
1.09,2025-10-08 14:05:47,12289
1.01,2025-10-08 14:06:07,12308
3.97,2025-10-08 14:06:26,12328
1.37,2025-10-08 14:06:46,12347
2.58,2025-10-08 14:07:05,12367
1.71,2025-10-08 14:07:24,12386
2.02,2025-10-08 14:07:44,12406
2.81,2025-10-08 14:08:03,12425
1.74,2025-10-08 14:08:23,12445
1.73,2025-10-08 14:08:42,12464
1.12,2025-10-08 14:09:02,12484
4.09,2025-10-08 14:09:21,12503
1.05,2025-10-08 14:09:41,12523
43.23,2025-10-08 14:10:00,12542
1.54,2025-10-08 14:10:20,12561
2.11,2025-10-08 14:10:39,12581
2.19,2025-10-08 14:10:59,12600
26.94,2025-10-08 14:11:17,12619
1.46,2025-10-08 14:11:35,12637
1.15,2025-10-08 14:11:54,12656
4.57,2025-10-08 14:12:12,12674
2.5,2025-10-08 14:12:31,12693
1.34,2025-10-08 14:12:49,12711
1.81,2025-10-08 14:13:08,12730
1.16,2025-10-08 14:13:26,12748
3.6,2025-10-08 14:13:45,12767
1.3,2025-10-08 14:14:03,12785
3.61,2025-10-08 14:14:22,12803
1.71,2025-10-08 14:14:40,12822
2.08,2025-10-08 14:14:59,12840
2.8,2025-10-08 14:15:17,12859
1.21,2025-10-08 14:15:35,12877
2.05,2025-10-08 14:15:54,12896
1.5,2025-10-08 14:16:12,12914
1.31,2025-10-08 14:16:31,12933
2.5,2025-10-08 14:16:49,12951
1.37,2025-10-08 14:17:08,12970
1.95,2025-10-08 14:17:26,12988
1.35,2025-10-08 14:17:45,13007
1.57,2025-10-08 14:18:03,13025
1.0,2025-10-08 14:18:22,13043
1.81,2025-10-08 14:18:40,13062
2.44,2025-10-08 14:18:59,13080
1.05,2025-10-08 14:19:17,13099
3.65,2025-10-08 14:19:35,13117
1.77,2025-10-08 14:19:54,13136
2.31,2025-10-08 14:20:12,13154
1.4,2025-10-08 14:20:31,13173
1.72,2025-10-08 14:20:49,13191
8.9,2025-10-08 14:21:08,13210
1.07,2025-10-08 14:21:26,13228
2.25,2025-10-08 14:21:45,13247
1.94,2025-10-08 14:22:03,13265
4.01,2025-10-08 14:22:22,13283
1.01,2025-10-08 14:22:40,13302
1.38,2025-10-08 14:22:59,13320
3.75,2025-10-08 14:23:19,13341
1.46,2025-10-08 14:23:40,13362
2.03,2025-10-08 14:24:00,13382
1.84,2025-10-08 14:24:21,13403
8.42,2025-10-08 14:24:41,13423
2.06,2025-10-08 14:25:02,13444
2.12,2025-10-08 14:25:23,13464
1.04,2025-10-08 14:25:43,13485
2.31,2025-10-08 14:26:04,13506
1.16,2025-10-08 14:26:24,13526
1.86,2025-10-08 14:26:45,13547
1.37,2025-10-08 14:27:05,13567
4.65,2025-10-08 14:27:26,13588
2.79,2025-10-08 14:27:47,13608
1.12,2025-10-08 14:28:07,13629
3.1,2025-10-08 14:28:28,13650
1.29,2025-10-08 14:28:48,13670
2.59,2025-10-08 14:29:09,13691
2.42,2025-10-08 14:29:29,13711
1.64,2025-10-08 14:29:50,13732
1.98,2025-10-08 14:30:11,13752
3.51,2025-10-08 14:30:31,13773
2.18,2025-10-08 14:30:52,13794
1.12,2025-10-08 14:31:12,13814
1.55,2025-10-08 14:31:33,13835
5.82,2025-10-08 14:31:53,13855
3.06,2025-10-08 14:32:14,13876
1.17,2025-10-08 14:32:35,13896
2.06,2025-10-08 14:32:55,13917
1.0,2025-10-08 14:33:16,13938
2.43,2025-10-08 14:33:36,13958
6.72,2025-10-08 14:33:57,13979
1.12,2025-10-08 14:34:17,13999
8.41,2025-10-08 14:34:38,14020
9.08,2025-10-08 14:34:59,14040
6.15,2025-10-08 14:35:20,14062
1.18,2025-10-08 14:35:41,14083
2.77,2025-10-08 14:36:02,14104
1.0,2025-10-08 14:36:23,14125
2.82,2025-10-08 14:36:44,14146
1.73,2025-10-08 14:37:06,14167
2.38,2025-10-08 14:37:27,14189
2.2,2025-10-08 14:37:48,14210
2.76,2025-10-08 14:38:09,14231
1.23,2025-10-08 14:38:30,14252
134.11,2025-10-08 14:38:51,14273
2.02,2025-10-08 14:39:13,14294
1.26,2025-10-08 14:39:34,14316
1.12,2025-10-08 14:39:55,14337
1.94,2025-10-08 14:40:16,14358
1.11,2025-10-08 14:40:37,14379
2.25,2025-10-08 14:40:59,14400
2.07,2025-10-08 14:41:20,14422
1.96,2025-10-08 14:41:41,14443
2.73,2025-10-08 14:42:02,14464
4.05,2025-10-08 14:42:23,14485
2.29,2025-10-08 14:42:44,14506
1.0,2025-10-08 14:43:06,14527
26.24,2025-10-08 14:43:27,14549
2.59,2025-10-08 14:43:48,14570
1.37,2025-10-08 14:44:09,14591
1.63,2025-10-08 14:44:30,14612
5.07,2025-10-08 14:44:51,14633
2.18,2025-10-08 14:45:13,14654
1.0,2025-10-08 14:45:34,14676
1.0,2025-10-08 14:45:55,14697
1.05,2025-10-08 14:46:16,14718
35.24,2025-10-08 14:46:37,14739
1.07,2025-10-08 14:46:59,14760
1.82,2025-10-08 14:47:22,14784
1.34,2025-10-08 14:47:45,14807
2.34,2025-10-08 14:48:08,14830
1.0,2025-10-08 14:48:31,14853
3.09,2025-10-08 14:48:55,14877
3.56,2025-10-08 14:49:18,14900
3.0,2025-10-08 14:49:41,14923
2.19,2025-10-08 14:50:04,14946
3.84,2025-10-08 14:50:28,14969
2.97,2025-10-08 14:50:51,14993
2.57,2025-10-08 14:51:14,15016
5.52,2025-10-08 14:51:37,15039
2.71,2025-10-08 14:52:00,15062
2.92,2025-10-08 14:52:24,15086
15.48,2025-10-08 14:52:47,15109
3.81,2025-10-08 14:53:10,15132
6.43,2025-10-08 14:53:33,15155
1.44,2025-10-08 14:53:57,15178
1.7,2025-10-08 14:54:20,15202
3.04,2025-10-08 14:54:43,15225
13.2,2025-10-08 14:55:06,15248
2.56,2025-10-08 14:55:29,15271
1.5,2025-10-08 14:55:53,15295
1.12,2025-10-08 14:56:16,15318
1.33,2025-10-08 14:56:39,15341
1.71,2025-10-08 14:57:02,15364
1.46,2025-10-08 14:57:26,15387
1.0,2025-10-08 14:57:49,15411
83.56,2025-10-08 14:58:12,15434
2.07,2025-10-08 14:58:35,15457
5.51,2025-10-08 14:58:59,15480
4.54,2025-10-08 14:59:20,15502
3.99,2025-10-08 14:59:42,15524
1.0,2025-10-08 15:00:04,15546
1.91,2025-10-08 15:00:26,15568
1.13,2025-10-08 15:00:48,15589
6.8,2025-10-08 15:01:09,15611
3.0,2025-10-08 15:01:31,15633
1.74,2025-10-08 15:01:53,15655
2.17,2025-10-08 15:02:15,15677
1.71,2025-10-08 15:02:37,15699
4.4,2025-10-08 15:02:59,15720
1.11,2025-10-08 15:03:20,15742
1.77,2025-10-08 15:03:42,15764
2.1,2025-10-08 15:04:04,15786
3.91,2025-10-08 15:04:26,15808
1.32,2025-10-08 15:04:48,15829
1.1,2025-10-08 15:05:09,15851
1.81,2025-10-08 15:05:31,15873
1.31,2025-10-08 15:05:53,15895
2.1,2025-10-08 15:06:15,15917
8.3,2025-10-08 15:06:37,15939
1.42,2025-10-08 15:06:59,15960
2.2,2025-10-08 15:07:20,15982
3.41,2025-10-08 15:07:42,16004
1.18,2025-10-08 15:08:04,16026
1.01,2025-10-08 15:08:26,16048
1.04,2025-10-08 15:08:48,16069
4.66,2025-10-08 15:09:09,16091
4.16,2025-10-08 15:09:31,16113
1.64,2025-10-08 15:09:53,16135
3.01,2025-10-08 15:10:15,16157
1.21,2025-10-08 15:10:37,16179
8.07,2025-10-08 15:10:59,16200
17.61,2025-10-08 15:11:22,16224
2.71,2025-10-08 15:11:45,16247
2.14,2025-10-08 15:12:08,16270
1.13,2025-10-08 15:12:31,16293
1.76,2025-10-08 15:12:55,16317
2.13,2025-10-08 15:13:18,16340
1.82,2025-10-08 15:13:41,16363
1.76,2025-10-08 15:14:04,16386
1.49,2025-10-08 15:14:28,16409
1.14,2025-10-08 15:14:51,16433
1.22,2025-10-08 15:15:14,16456
4.65,2025-10-08 15:15:37,16479
4.88,2025-10-08 15:16:00,16502
1.04,2025-10-08 15:16:24,16526
10.92,2025-10-08 15:16:47,16549
3.39,2025-10-08 15:17:10,16572
3.42,2025-10-08 15:17:33,16595
6.41,2025-10-08 15:17:57,16618
135.47,2025-10-08 15:18:20,16642
31.01,2025-10-08 15:18:43,16665
1.0,2025-10-08 15:19:06,16688
1.0,2025-10-08 15:19:29,16711
1.11,2025-10-08 15:19:53,16735
37.45,2025-10-08 15:20:16,16758
10.24,2025-10-08 15:20:39,16781
1.14,2025-10-08 15:21:02,16804
1.63,2025-10-08 15:21:26,16827
1.04,2025-10-08 15:21:49,16851
4.16,2025-10-08 15:22:12,16874
1.71,2025-10-08 15:22:35,16897
1.25,2025-10-08 15:22:59,16920
1.67,2025-10-08 15:23:20,16942
1.25,2025-10-08 15:23:41,16963
10.74,2025-10-08 15:24:02,16984
2.3,2025-10-08 15:24:23,17005
3.98,2025-10-08 15:24:44,17026
1.24,2025-10-08 15:25:06,17047
2.79,2025-10-08 15:25:27,17069
1.85,2025-10-08 15:25:48,17090
1.21,2025-10-08 15:26:09,17111
10.92,2025-10-08 15:26:30,17132
2.09,2025-10-08 15:26:51,17153
2.28,2025-10-08 15:27:13,17174
2.44,2025-10-08 15:27:34,17196
1.42,2025-10-08 15:27:55,17217
2.98,2025-10-08 15:28:16,17238
1.04,2025-10-08 15:28:37,17259
1.35,2025-10-08 15:28:59,17280
1.69,2025-10-08 15:29:20,17302
2.05,2025-10-08 15:29:41,17323
7.49,2025-10-08 15:30:02,17344
2.71,2025-10-08 15:30:23,17365
1.74,2025-10-08 15:30:44,17386
1.01,2025-10-08 15:31:06,17407
1.08,2025-10-08 15:31:27,17429
1.38,2025-10-08 15:31:48,17450
1.67,2025-10-08 15:32:09,17471
2.57,2025-10-08 15:32:30,17492
1.65,2025-10-08 15:32:51,17513
3.54,2025-10-08 15:33:13,17534
5.6,2025-10-08 15:33:34,17556
63.22,2025-10-08 15:33:55,17577
1.03,2025-10-08 15:34:16,17598
2.1,2025-10-08 15:34:37,17619
4.68,2025-10-08 15:34:59,17640
1.29,2025-10-08 15:35:20,17662
1.06,2025-10-08 15:35:41,17683
1.39,2025-10-08 15:36:02,17704
3.59,2025-10-08 15:36:23,17725
1.1,2025-10-08 15:36:44,17746
1.73,2025-10-08 15:37:06,17767
1.06,2025-10-08 15:37:27,17789
2.06,2025-10-08 15:37:48,17810
3.59,2025-10-08 15:38:09,17831
1.0,2025-10-08 15:38:30,17852
1.1,2025-10-08 15:38:51,17873
1.36,2025-10-08 15:39:13,17894
4.95,2025-10-08 15:39:34,17916
2.53,2025-10-08 15:39:55,17937
2.23,2025-10-08 15:40:16,17958
1.22,2025-10-08 15:40:37,17979
1.05,2025-10-08 15:40:59,18000
1.0,2025-10-08 15:41:20,18022
14.27,2025-10-08 15:41:41,18043
1.18,2025-10-08 15:42:02,18064
11.07,2025-10-08 15:42:23,18085
5.0,2025-10-08 15:42:44,18106
1.64,2025-10-08 15:43:06,18127
3.74,2025-10-08 15:43:27,18149
1.0,2025-10-08 15:43:48,18170
9.67,2025-10-08 15:44:09,18191
3.89,2025-10-08 15:44:30,18212
6.4,2025-10-08 15:44:51,18233
3.0,2025-10-08 15:45:13,18254
1.2,2025-10-08 15:45:34,18276
3.01,2025-10-08 15:45:55,18297
5.55,2025-10-08 15:46:16,18318
1.11,2025-10-08 15:46:37,18339
1.83,2025-10-08 15:46:59,18360
6.34,2025-10-08 15:47:19,18380
1.0,2025-10-08 15:47:39,18400
1.1,2025-10-08 15:47:59,18420
20.61,2025-10-08 15:48:19,18440
2.97,2025-10-08 15:48:39,18460
1.11,2025-10-08 15:48:59,18480
1.78,2025-10-08 15:49:19,18500
1.16,2025-10-08 15:49:39,18520
1.29,2025-10-08 15:49:59,18540
1.24,2025-10-08 15:50:19,18560
1.07,2025-10-08 15:50:39,18580
6.51,2025-10-08 15:50:59,18600
2.92,2025-10-08 15:51:19,18620
1.18,2025-10-08 15:51:39,18640
2.7,2025-10-08 15:51:59,18660
2.18,2025-10-08 15:52:19,18680
1.49,2025-10-08 15:52:39,18700
1.01,2025-10-08 15:52:59,18720
1.16,2025-10-08 15:53:19,18740
105.68,2025-10-08 15:53:39,18760
36.58,2025-10-08 15:53:59,18780
1.16,2025-10-08 15:54:19,18800
1.02,2025-10-08 15:54:39,18820
7.44,2025-10-08 15:54:59,18840
2.01,2025-10-08 15:55:19,18860
1.0,2025-10-08 15:55:39,18880
4.75,2025-10-08 15:55:59,18900
1.44,2025-10-08 15:56:19,18920
2.43,2025-10-08 15:56:39,18940
2.06,2025-10-08 15:56:59,18960
1.21,2025-10-08 15:57:19,18980
2.17,2025-10-08 15:57:39,19000
1.01,2025-10-08 15:57:59,19020
1.5,2025-10-08 15:58:19,19040
1.71,2025-10-08 15:58:39,19060
1.15,2025-10-08 15:58:59,19080
1.08,2025-10-08 15:59:27,19109
1.33,2025-10-08 15:59:56,19138
1.68,2025-10-08 16:00:25,19167
4.4,2025-10-08 16:00:54,19196
4.24,2025-10-08 16:01:23,19224
6.69,2025-10-08 16:01:51,19253
2.46,2025-10-08 16:02:20,19282
1.54,2025-10-08 16:02:49,19311
9.45,2025-10-08 16:03:18,19340
2.29,2025-10-08 16:03:47,19368
5.08,2025-10-08 16:04:15,19397
43.09,2025-10-08 16:04:44,19426
2.62,2025-10-08 16:05:13,19455
2.23,2025-10-08 16:05:42,19484
13.65,2025-10-08 16:06:11,19512
2.09,2025-10-08 16:06:39,19541
1.68,2025-10-08 16:07:08,19570
71.3,2025-10-08 16:07:37,19599
1.47,2025-10-08 16:08:06,19628
40.37,2025-10-08 16:08:35,19656
14.38,2025-10-08 16:09:03,19685
1.19,2025-10-08 16:09:32,19714
14.58,2025-10-08 16:10:01,19743
2.93,2025-10-08 16:10:30,19772
1.71,2025-10-08 16:10:59,19800
1.47,2025-10-08 16:11:23,19825
116.88,2025-10-08 16:11:48,19850
1.1,2025-10-08 16:12:13,19875
4.7,2025-10-08 16:12:38,19900
7.67,2025-10-08 16:13:03,19925
2.78,2025-10-08 16:13:27,19949
7.37,2025-10-08 16:13:52,19974
1.05,2025-10-08 16:14:17,19999
5.61,2025-10-08 16:14:42,20024
3.56,2025-10-08 16:15:07,20049
1.36,2025-10-08 16:15:32,20073
4.29,2025-10-08 16:15:56,20098
36.18,2025-10-08 16:16:21,20123
1.23,2025-10-08 16:16:46,20148
6.61,2025-10-08 16:17:11,20173
5.96,2025-10-08 16:17:36,20198
2.25,2025-10-08 16:18:01,20222
1.74,2025-10-08 16:18:25,20247
1.5,2025-10-08 16:18:50,20272
1.53,2025-10-08 16:19:15,20297
1.98,2025-10-08 16:19:40,20322
1.49,2025-10-08 16:20:05,20347
1.9,2025-10-08 16:20:30,20371
3.85,2025-10-08 16:20:54,20396
2.04,2025-10-08 16:21:19,20421
1.21,2025-10-08 16:21:44,20446
1.52,2025-10-08 16:22:09,20471
1.36,2025-10-08 16:22:34,20496
2.38,2025-10-08 16:22:59,20520
1.56,2025-10-08 16:23:23,20544
1.13,2025-10-08 16:23:47,20568
2.22,2025-10-08 16:24:11,20592
1.98,2025-10-08 16:24:35,20616
2.04,2025-10-08 16:24:59,20640
6.83,2025-10-08 16:25:23,20664
4.3,2025-10-08 16:25:47,20688
3.75,2025-10-08 16:26:11,20712
2.02,2025-10-08 16:26:35,20736
5.31,2025-10-08 16:26:59,20760
1.29,2025-10-08 16:27:23,20784
5.27,2025-10-08 16:27:47,20808
6.24,2025-10-08 16:28:11,20832
1.61,2025-10-08 16:28:35,20856
172.59,2025-10-08 16:28:59,20880
1.03,2025-10-08 16:29:23,20904
1.08,2025-10-08 16:29:47,20928
1.52,2025-10-08 16:30:11,20952
1.35,2025-10-08 16:30:35,20976
1.24,2025-10-08 16:30:59,21000
5.66,2025-10-08 16:31:23,21024
1.78,2025-10-08 16:31:47,21048
1.95,2025-10-08 16:32:11,21072
1.07,2025-10-08 16:32:35,21096
1.92,2025-10-08 16:32:59,21120
3.17,2025-10-08 16:33:23,21144
3.87,2025-10-08 16:33:47,21168
8.22,2025-10-08 16:34:11,21192
1.27,2025-10-08 16:34:35,21216
10.34,2025-10-08 16:34:59,21240
11.7,2025-10-08 16:35:20,21262
3.88,2025-10-08 16:35:42,21284
1.39,2025-10-08 16:36:04,21306
1.14,2025-10-08 16:36:26,21328
5.67,2025-10-08 16:36:48,21349
2.64,2025-10-08 16:37:09,21371
1.49,2025-10-08 16:37:31,21393
4.31,2025-10-08 16:37:53,21415
2.01,2025-10-08 16:38:15,21437
13.96,2025-10-08 16:38:37,21459
1.13,2025-10-08 16:38:59,21480
2.04,2025-10-08 16:39:20,21502
3.61,2025-10-08 16:39:42,21524
1.19,2025-10-08 16:40:04,21546
1.64,2025-10-08 16:40:26,21568
1.21,2025-10-08 16:40:48,21589
2.6,2025-10-08 16:41:09,21611
1.66,2025-10-08 16:41:31,21633
1.34,2025-10-08 16:41:53,21655
1.11,2025-10-08 16:42:15,21677
1.32,2025-10-08 16:42:37,21699
41.01,2025-10-08 16:42:59,21720
1.16,2025-10-08 16:43:20,21742
2.01,2025-10-08 16:43:42,21764
1.37,2025-10-08 16:44:04,21786
4.91,2025-10-08 16:44:26,21808
1.26,2025-10-08 16:44:48,21829
6.65,2025-10-08 16:45:09,21851
1.39,2025-10-08 16:45:31,21873
1.05,2025-10-08 16:45:53,21895
3.73,2025-10-08 16:46:15,21917
7.09,2025-10-08 16:46:37,21939
1.26,2025-10-08 16:46:59,21960
1.21,2025-10-08 16:47:25,21987
3.75,2025-10-08 16:47:52,22014
5.14,2025-10-08 16:48:19,22040
2.41,2025-10-08 16:48:45,22067
7.3,2025-10-08 16:49:12,22094
7.18,2025-10-08 16:49:39,22120
4.34,2025-10-08 16:50:05,22147
11.58,2025-10-08 16:50:32,22174
3.71,2025-10-08 16:50:59,22200
3.09,2025-10-08 16:51:25,22227
1.84,2025-10-08 16:51:52,22254
2.26,2025-10-08 16:52:19,22280
4.93,2025-10-08 16:52:45,22307
1.0,2025-10-08 16:53:12,22334
17.81,2025-10-08 16:53:39,22360
1.38,2025-10-08 16:54:05,22387
1.0,2025-10-08 16:54:32,22414
1.3,2025-10-08 16:54:59,22440
19.66,2025-10-08 16:55:25,22467
3.78,2025-10-08 16:55:52,22494
3.78,2025-10-08 16:56:19,22520
1.57,2025-10-08 16:56:45,22547
21.92,2025-10-08 16:57:12,22574
1.23,2025-10-08 16:57:39,22600
1.05,2025-10-08 16:58:05,22627
25.78,2025-10-08 16:58:32,22654
3.62,2025-10-08 16:58:59,22680
1.14,2025-10-08 16:59:21,22703
2.39,2025-10-08 16:59:44,22725
4.61,2025-10-08 17:00:06,22748
1.9,2025-10-08 17:00:29,22770
1.17,2025-10-08 17:00:51,22793
118.69,2025-10-08 17:01:14,22815
22.54,2025-10-08 17:01:36,22838
5.34,2025-10-08 17:01:59,22860
4.58,2025-10-08 17:02:21,22883
1.09,2025-10-08 17:02:44,22905
4.92,2025-10-08 17:03:06,22928
12.04,2025-10-08 17:03:29,22950
3.3,2025-10-08 17:03:51,22973
2.4,2025-10-08 17:04:14,22995
1.38,2025-10-08 17:04:36,23018
1.13,2025-10-08 17:04:59,23040
1.39,2025-10-08 17:05:21,23063
1.48,2025-10-08 17:05:44,23085
1.88,2025-10-08 17:06:06,23108
1.26,2025-10-08 17:06:29,23130
3.23,2025-10-08 17:06:51,23153
3.11,2025-10-08 17:07:14,23175
1.46,2025-10-08 17:07:36,23198
1.17,2025-10-08 17:07:59,23220
2.05,2025-10-08 17:08:21,23243
1.64,2025-10-08 17:08:44,23265
1.32,2025-10-08 17:09:06,23288
1.59,2025-10-08 17:09:29,23310
2.25,2025-10-08 17:09:51,23333
1.0,2025-10-08 17:10:14,23355
1.26,2025-10-08 17:10:36,23378
4.02,2025-10-08 17:10:59,23400
1.98,2025-10-08 17:11:18,23420
1.3,2025-10-08 17:11:37,23439
1.01,2025-10-08 17:11:57,23459
10.04,2025-10-08 17:12:16,23478
1.59,2025-10-08 17:12:36,23498
1.03,2025-10-08 17:12:55,23517
1.81,2025-10-08 17:13:15,23537
2.42,2025-10-08 17:13:34,23556
1.13,2025-10-08 17:13:54,23576
13.2,2025-10-08 17:14:13,23595
1.66,2025-10-08 17:14:33,23614
2.82,2025-10-08 17:14:52,23634
3.02,2025-10-08 17:15:11,23653
1.6,2025-10-08 17:15:31,23673
1.16,2025-10-08 17:15:50,23692
1.0,2025-10-08 17:16:10,23712
1.59,2025-10-08 17:16:29,23731
1.11,2025-10-08 17:16:49,23751
2.89,2025-10-08 17:17:08,23770
1.0,2025-10-08 17:17:28,23790
1.5,2025-10-08 17:17:47,23809
4.48,2025-10-08 17:18:07,23828
1.84,2025-10-08 17:18:26,23848
1.97,2025-10-08 17:18:46,23867
1.0,2025-10-08 17:19:05,23887
20.78,2025-10-08 17:19:24,23906
1.3,2025-10-08 17:19:44,23926
1.63,2025-10-08 17:20:03,23945
1.31,2025-10-08 17:20:23,23965
1.14,2025-10-08 17:20:42,23984
1.31,2025-10-08 17:21:02,24004
1.33,2025-10-08 17:21:21,24023
2.52,2025-10-08 17:21:41,24043
1.07,2025-10-08 17:22:00,24062
1.92,2025-10-08 17:22:20,24081
3.27,2025-10-08 17:22:39,24101
3.87,2025-10-08 17:22:59,24120
1.17,2025-10-08 17:23:22,24144
1.71,2025-10-08 17:23:45,24167
7.01,2025-10-08 17:24:08,24190
1.94,2025-10-08 17:24:31,24213
2.42,2025-10-08 17:24:55,24237
3.12,2025-10-08 17:25:18,24260
1.11,2025-10-08 17:25:41,24283
1.37,2025-10-08 17:26:04,24306
1.13,2025-10-08 17:26:28,24329
2.58,2025-10-08 17:26:51,24353
2.05,2025-10-08 17:27:14,24376
1.91,2025-10-08 17:27:37,24399
8.11,2025-10-08 17:28:00,24422
1.06,2025-10-08 17:28:24,24446
1.46,2025-10-08 17:28:47,24469
1.16,2025-10-08 17:29:10,24492
7.88,2025-10-08 17:29:33,24515
196.05,2025-10-08 17:29:57,24538
1.25,2025-10-08 17:30:20,24562
11.31,2025-10-08 17:30:43,24585
5.28,2025-10-08 17:31:06,24608
1.18,2025-10-08 17:31:29,24631
3.3,2025-10-08 17:31:53,24655
1.04,2025-10-08 17:32:16,24678
2.29,2025-10-08 17:32:39,24701
9.99,2025-10-08 17:33:02,24724
2.34,2025-10-08 17:33:26,24747
3.66,2025-10-08 17:33:49,24771
1.07,2025-10-08 17:34:12,24794
30.1,2025-10-08 17:34:35,24817
1.12,2025-10-08 17:34:59,24840
1.43,2025-10-08 17:35:27,24869
1.31,2025-10-08 17:35:56,24898
2.83,2025-10-08 17:36:25,24927
5.23,2025-10-08 17:36:54,24956
16.6,2025-10-08 17:37:23,24984
3.53,2025-10-08 17:37:51,25013
2.55,2025-10-08 17:38:20,25042
3.36,2025-10-08 17:38:49,25071
2.03,2025-10-08 17:39:18,25100
1.62,2025-10-08 17:39:47,25128
13.03,2025-10-08 17:40:15,25157
1.79,2025-10-08 17:40:44,25186
2.73,2025-10-08 17:41:13,25215
5.5,2025-10-08 17:41:42,25244
1.62,2025-10-08 17:42:11,25272
8.87,2025-10-08 17:42:39,25301
1.18,2025-10-08 17:43:08,25330
12.09,2025-10-08 17:43:37,25359
2.89,2025-10-08 17:44:06,25388
1.59,2025-10-08 17:44:35,25416
1.55,2025-10-08 17:45:03,25445
2.38,2025-10-08 17:45:32,25474
3.51,2025-10-08 17:46:01,25503
21.81,2025-10-08 17:46:30,25532
1.78,2025-10-08 17:46:59,25560
2853.5,2025-10-08 17:47:25,25587
2.12,2025-10-08 17:47:52,25614
1.26,2025-10-08 17:48:19,25640
4.6,2025-10-08 17:48:45,25667
17.23,2025-10-08 17:49:12,25694
2.03,2025-10-08 17:49:39,25720
4.27,2025-10-08 17:50:05,25747
36.93,2025-10-08 17:50:32,25774
1.72,2025-10-08 17:50:59,25800
2.97,2025-10-08 17:51:25,25827
1.56,2025-10-08 17:51:52,25854
1.99,2025-10-08 17:52:19,25880
2.97,2025-10-08 17:52:45,25907
2.31,2025-10-08 17:53:12,25934
1.77,2025-10-08 17:53:39,25960
8.47,2025-10-08 17:54:05,25987
2.09,2025-10-08 17:54:32,26014
18.29,2025-10-08 17:54:59,26040
21.03,2025-10-08 17:55:25,26067
3.42,2025-10-08 17:55:52,26094
2.33,2025-10-08 17:56:19,26120
1.44,2025-10-08 17:56:45,26147
1.0,2025-10-08 17:57:12,26174
24.26,2025-10-08 17:57:39,26200
1.04,2025-10-08 17:58:05,26227
1.65,2025-10-08 17:58:32,26254
18.82,2025-10-08 17:58:59,26280
1.24,2025-10-08 17:59:21,26303
1.7,2025-10-08 17:59:44,26325
1.56,2025-10-08 18:00:06,26348
2.12,2025-10-08 18:00:29,26370
1.72,2025-10-08 18:00:51,26393
1.43,2025-10-08 18:01:14,26415
1.18,2025-10-08 18:01:36,26438
3.52,2025-10-08 18:01:59,26460
2.44,2025-10-08 18:02:21,26483
2.06,2025-10-08 18:02:44,26505
1.0,2025-10-08 18:03:06,26528
2.21,2025-10-08 18:03:29,26550
2.44,2025-10-08 18:03:51,26573
2.67,2025-10-08 18:04:14,26595
11.85,2025-10-08 18:04:36,26618
41.37,2025-10-08 18:04:59,26640
1.37,2025-10-08 18:05:21,26663
1.3,2025-10-08 18:05:44,26685
3.23,2025-10-08 18:06:06,26708
8.1,2025-10-08 18:06:29,26730
3.53,2025-10-08 18:06:51,26753
4.8,2025-10-08 18:07:14,26775
2.64,2025-10-08 18:07:36,26798
2.08,2025-10-08 18:07:59,26820
1.19,2025-10-08 18:08:21,26843
1.0,2025-10-08 18:08:44,26865
1.33,2025-10-08 18:09:06,26888
1.18,2025-10-08 18:09:29,26910
3.21,2025-10-08 18:09:51,26933
1.67,2025-10-08 18:10:14,26955
2.36,2025-10-08 18:10:36,26978
1.47,2025-10-08 18:10:59,27000
4.1,2025-10-08 18:11:18,27020
1.12,2025-10-08 18:11:37,27039
1.73,2025-10-08 18:11:57,27059
1.47,2025-10-08 18:12:16,27078
1.68,2025-10-08 18:12:36,27098
2.08,2025-10-08 18:12:55,27117
1.63,2025-10-08 18:13:15,27137
14.74,2025-10-08 18:13:34,27156
1.71,2025-10-08 18:13:54,27176
1.3,2025-10-08 18:14:13,27195
1.47,2025-10-08 18:14:33,27214
3.05,2025-10-08 18:14:52,27234
4.73,2025-10-08 18:15:11,27253
1.24,2025-10-08 18:15:31,27273
1.76,2025-10-08 18:15:50,27292
1.55,2025-10-08 18:16:10,27312
1.01,2025-10-08 18:16:29,27331
1.11,2025-10-08 18:16:49,27351
1.4,2025-10-08 18:17:08,27370
2.96,2025-10-08 18:17:28,27390
1.99,2025-10-08 18:17:47,27409
2.69,2025-10-08 18:18:07,27428
3.94,2025-10-08 18:18:26,27448
1.14,2025-10-08 18:18:46,27467
6.47,2025-10-08 18:19:05,27487
5.26,2025-10-08 18:19:24,27506
2.98,2025-10-08 18:19:44,27526
6.06,2025-10-08 18:20:03,27545
1.0,2025-10-08 18:20:23,27565
1.0,2025-10-08 18:20:42,27584
1.4,2025-10-08 18:21:02,27604
1.34,2025-10-08 18:21:21,27623
1.19,2025-10-08 18:21:41,27643
1.36,2025-10-08 18:22:00,27662
1.06,2025-10-08 18:22:20,27681
19.52,2025-10-08 18:22:39,27701
2.72,2025-10-08 18:22:59,27720
1.77,2025-10-08 18:23:23,27745
2.15,2025-10-08 18:23:48,27770
1.2,2025-10-08 18:24:13,27795
1.13,2025-10-08 18:24:38,27820
2.2,2025-10-08 18:25:03,27845
1.78,2025-10-08 18:25:27,27869
1.0,2025-10-08 18:25:52,27894
14.99,2025-10-08 18:26:17,27919
1.26,2025-10-08 18:26:42,27944
2.65,2025-10-08 18:27:07,27969
2.72,2025-10-08 18:27:32,27993
1.37,2025-10-08 18:27:56,28018
1.44,2025-10-08 18:28:21,28043
2025.17,2025-10-08 18:28:46,28068
1.34,2025-10-08 18:29:11,28093
1.0,2025-10-08 18:29:36,28118
1.16,2025-10-08 18:30:01,28142
3.6,2025-10-08 18:30:25,28167
27.66,2025-10-08 18:30:50,28192
1.06,2025-10-08 18:31:15,28217
1.01,2025-10-08 18:31:40,28242
1.06,2025-10-08 18:32:05,28267
1.63,2025-10-08 18:32:30,28291
1.88,2025-10-08 18:32:54,28316
35.78,2025-10-08 18:33:19,28341
1.65,2025-10-08 18:33:44,28366
1.14,2025-10-08 18:34:09,28391
4.79,2025-10-08 18:34:34,28416
3.11,2025-10-08 18:34:59,28440
59.05,2025-10-08 18:35:22,28464
1.0,2025-10-08 18:35:45,28487
1.7,2025-10-08 18:36:08,28510
2.05,2025-10-08 18:36:31,28533
1.89,2025-10-08 18:36:55,28557
2.46,2025-10-08 18:37:18,28580
2.24,2025-10-08 18:37:41,28603
4.73,2025-10-08 18:38:04,28626
2.86,2025-10-08 18:38:28,28649
1.67,2025-10-08 18:38:51,28673
48.15,2025-10-08 18:39:14,28696
1.03,2025-10-08 18:39:37,28719
8.31,2025-10-08 18:40:00,28742
1.36,2025-10-08 18:40:24,28766
6.61,2025-10-08 18:40:47,28789
1.65,2025-10-08 18:41:10,28812
34.52,2025-10-08 18:41:33,28835
1.51,2025-10-08 18:41:57,28858
2.58,2025-10-08 18:42:20,28882
14.12,2025-10-08 18:42:43,28905
1.18,2025-10-08 18:43:06,28928
1.44,2025-10-08 18:43:29,28951
1.0,2025-10-08 18:43:53,28975
9.93,2025-10-08 18:44:16,28998
1.26,2025-10-08 18:44:39,29021
3.52,2025-10-08 18:45:02,29044
1.73,2025-10-08 18:45:26,29067
1.09,2025-10-08 18:45:49,29091
2.0,2025-10-08 18:46:12,29114
1.09,2025-10-08 18:46:35,29137
2.39,2025-10-08 18:46:59,29160
6.49,2025-10-08 18:47:24,29186
5.35,2025-10-08 18:47:50,29212
5.18,2025-10-08 18:48:16,29238
4.52,2025-10-08 18:48:41,29263
22.34,2025-10-08 18:49:07,29289
1.25,2025-10-08 18:49:33,29315
1.78,2025-10-08 18:49:59,29340
1.0,2025-10-08 18:50:24,29366
8.96,2025-10-08 18:50:50,29392
1.36,2025-10-08 18:51:16,29418
1.0,2025-10-08 18:51:41,29443
1.95,2025-10-08 18:52:07,29469
12.12,2025-10-08 18:52:33,29495
4.01,2025-10-08 18:52:59,29520
13.19,2025-10-08 18:53:24,29546
1.64,2025-10-08 18:53:50,29572
6.62,2025-10-08 18:54:16,29598
1.39,2025-10-08 18:54:41,29623
4.96,2025-10-08 18:55:07,29649
3.11,2025-10-08 18:55:33,29675
1.42,2025-10-08 18:55:59,29700
3.66,2025-10-08 18:56:24,29726
4.77,2025-10-08 18:56:50,29752
11.06,2025-10-08 18:57:16,29778
1.38,2025-10-08 18:57:41,29803
1.1,2025-10-08 18:58:07,29829
1.14,2025-10-08 18:58:33,29855
1.0,2025-10-08 18:58:59,29880
103.62,2025-10-08 18:59:21,29903
1.63,2025-10-08 18:59:44,29925
1.32,2025-10-08 19:00:06,29948
2.6,2025-10-08 19:00:29,29970
1.27,2025-10-08 19:00:51,29993
1.05,2025-10-08 19:01:14,30015
2.88,2025-10-08 19:01:36,30038
1.07,2025-10-08 19:01:59,30060
4.27,2025-10-08 19:02:21,30083
1.22,2025-10-08 19:02:44,30105
1.57,2025-10-08 19:03:06,30128
1.12,2025-10-08 19:03:29,30150
17.83,2025-10-08 19:03:51,30173
1.48,2025-10-08 19:04:14,30195
1.55,2025-10-08 19:04:36,30218
1.1,2025-10-08 19:04:59,30240
2.86,2025-10-08 19:05:21,30263
28.23,2025-10-08 19:05:44,30285
1.07,2025-10-08 19:06:06,30308
4.4,2025-10-08 19:06:29,30330
1.97,2025-10-08 19:06:51,30353
3.62,2025-10-08 19:07:14,30375
1.96,2025-10-08 19:07:36,30398
1.55,2025-10-08 19:07:59,30420
14.13,2025-10-08 19:08:21,30443
1.06,2025-10-08 19:08:44,30465
2.01,2025-10-08 19:09:06,30488
2.33,2025-10-08 19:09:29,30510
10.38,2025-10-08 19:09:51,30533
2.1,2025-10-08 19:10:14,30555
2.26,2025-10-08 19:10:36,30578
1.03,2025-10-08 19:10:59,30600
91.71,2025-10-08 19:11:22,30624
3.14,2025-10-08 19:11:45,30647
1.51,2025-10-08 19:12:08,30670
3.29,2025-10-08 19:12:31,30693
1.79,2025-10-08 19:12:55,30717
8.82,2025-10-08 19:13:18,30740
1.2,2025-10-08 19:13:41,30763
7.94,2025-10-08 19:14:04,30786
1.06,2025-10-08 19:14:28,30809
1.07,2025-10-08 19:14:51,30833
1.34,2025-10-08 19:15:14,30856
1.18,2025-10-08 19:15:37,30879
3.26,2025-10-08 19:16:00,30902
1.18,2025-10-08 19:16:24,30926
2.0,2025-10-08 19:16:47,30949
4.54,2025-10-08 19:17:10,30972
3.24,2025-10-08 19:17:33,30995
1.0,2025-10-08 19:17:57,31018
2.54,2025-10-08 19:18:20,31042
5.06,2025-10-08 19:18:43,31065
1.24,2025-10-08 19:19:06,31088
1.4,2025-10-08 19:19:29,31111
10.43,2025-10-08 19:19:53,31135
18.33,2025-10-08 19:20:16,31158
1.85,2025-10-08 19:20:39,31181
1.61,2025-10-08 19:21:02,31204
29.26,2025-10-08 19:21:26,31227
1.73,2025-10-08 19:21:49,31251
1.19,2025-10-08 19:22:12,31274
1.0,2025-10-08 19:22:35,31297
1.53,2025-10-08 19:22:59,31320
1.07,2025-10-08 19:23:17,31339
2.18,2025-10-08 19:23:36,31358
2.26,2025-10-08 19:23:55,31377
1.15,2025-10-08 19:24:14,31396
1.97,2025-10-08 19:24:33,31415
3.95,2025-10-08 19:24:52,31434
1.06,2025-10-08 19:25:11,31453
1.0,2025-10-08 19:25:30,31472
1.0,2025-10-08 19:25:49,31491
1.1,2025-10-08 19:26:08,31510
2.24,2025-10-08 19:26:27,31529
10.87,2025-10-08 19:26:46,31548
3.02,2025-10-08 19:27:05,31567
1.74,2025-10-08 19:27:24,31586
1.0,2025-10-08 19:27:43,31605
1.75,2025-10-08 19:28:02,31624
1.0,2025-10-08 19:28:21,31642
1.08,2025-10-08 19:28:40,31661
6.78,2025-10-08 19:28:59,31680
1.05,2025-10-08 19:29:17,31699
1.08,2025-10-08 19:29:36,31718
1.57,2025-10-08 19:29:55,31737
2.03,2025-10-08 19:30:14,31756
1.07,2025-10-08 19:30:33,31775
1.06,2025-10-08 19:30:52,31794
1.42,2025-10-08 19:31:11,31813
3.13,2025-10-08 19:31:30,31832
1.85,2025-10-08 19:31:49,31851
1.51,2025-10-08 19:32:08,31870
1.34,2025-10-08 19:32:27,31889
1.42,2025-10-08 19:32:46,31908
28.51,2025-10-08 19:33:05,31927
1.81,2025-10-08 19:33:24,31946
4.11,2025-10-08 19:33:43,31965
4.51,2025-10-08 19:34:02,31984
8.41,2025-10-08 19:34:21,32002
1.88,2025-10-08 19:34:40,32021
1.15,2025-10-08 19:34:59,32040
1.79,2025-10-08 19:35:23,32064
1.25,2025-10-08 19:35:47,32088
1.19,2025-10-08 19:36:11,32112
4.15,2025-10-08 19:36:35,32136
3.98,2025-10-08 19:36:59,32160
2.7,2025-10-08 19:37:23,32184
2.09,2025-10-08 19:37:47,32208
1.08,2025-10-08 19:38:11,32232
1.74,2025-10-08 19:38:35,32256
1.06,2025-10-08 19:38:59,32280
2.5,2025-10-08 19:39:23,32304
2.65,2025-10-08 19:39:47,32328
33.32,2025-10-08 19:40:11,32352
21.33,2025-10-08 19:40:35,32376
1.3,2025-10-08 19:40:59,32400
1.97,2025-10-08 19:41:23,32424
1.29,2025-10-08 19:41:47,32448
7.48,2025-10-08 19:42:11,32472
16.33,2025-10-08 19:42:35,32496
3.41,2025-10-08 19:42:59,32520
3.54,2025-10-08 19:43:23,32544
36.42,2025-10-08 19:43:47,32568
6.72,2025-10-08 19:44:11,32592
2.95,2025-10-08 19:44:35,32616
2.47,2025-10-08 19:44:59,32640
1.81,2025-10-08 19:45:23,32664
1.83,2025-10-08 19:45:47,32688
1.05,2025-10-08 19:46:11,32712
3.0,2025-10-08 19:46:35,32736
1.49,2025-10-08 19:46:59,32760
1.68,2025-10-08 19:47:19,32781
1.2,2025-10-08 19:47:40,32802
2.1,2025-10-08 19:48:00,32822
1.72,2025-10-08 19:48:21,32843
1.31,2025-10-08 19:48:41,32863
1.66,2025-10-08 19:49:02,32884
4.29,2025-10-08 19:49:23,32904
31.54,2025-10-08 19:49:43,32925
3.81,2025-10-08 19:50:04,32946
13.98,2025-10-08 19:50:24,32966
1.17,2025-10-08 19:50:45,32987
2.0,2025-10-08 19:51:05,33007
1.55,2025-10-08 19:51:26,33028
1.19,2025-10-08 19:51:47,33048
440.13,2025-10-08 19:52:07,33069
1.57,2025-10-08 19:52:28,33090
1.04,2025-10-08 19:52:48,33110
1.52,2025-10-08 19:53:09,33131
2.1,2025-10-08 19:53:29,33151
1.65,2025-10-08 19:53:50,33172
1.0,2025-10-08 19:54:11,33192
2.03,2025-10-08 19:54:31,33213
1.18,2025-10-08 19:54:52,33234
13.53,2025-10-08 19:55:12,33254
1.1,2025-10-08 19:55:33,33275
1.04,2025-10-08 19:55:53,33295
2.49,2025-10-08 19:56:14,33316
1.17,2025-10-08 19:56:35,33336
1.58,2025-10-08 19:56:55,33357
1.88,2025-10-08 19:57:16,33378
1.76,2025-10-08 19:57:36,33398
1.31,2025-10-08 19:57:57,33419
2.32,2025-10-08 19:58:17,33439
1.47,2025-10-08 19:58:38,33460
1.05,2025-10-08 19:58:59,33480
1.95,2025-10-08 19:59:20,33502
7.26,2025-10-08 19:59:41,33523
4.13,2025-10-08 20:00:02,33544
1.0,2025-10-08 20:00:23,33565
1.41,2025-10-08 20:00:44,33586
3.36,2025-10-08 20:01:06,33607
1.93,2025-10-08 20:01:27,33629
1.93,2025-10-08 20:01:48,33650
1.07,2025-10-08 20:02:09,33671
1.25,2025-10-08 20:02:30,33692
14.41,2025-10-08 20:02:51,33713
1.0,2025-10-08 20:03:13,33734
2.39,2025-10-08 20:03:34,33756
13.34,2025-10-08 20:03:55,33777
3.28,2025-10-08 20:04:16,33798
1.6,2025-10-08 20:04:37,33819
1.0,2025-10-08 20:04:59,33840
1.27,2025-10-08 20:05:20,33862
1.02,2025-10-08 20:05:41,33883
1.43,2025-10-08 20:06:02,33904
1.31,2025-10-08 20:06:23,33925
1.5,2025-10-08 20:06:44,33946
8.23,2025-10-08 20:07:06,33967
1.84,2025-10-08 20:07:27,33989
2.42,2025-10-08 20:07:48,34010
2.04,2025-10-08 20:08:09,34031
2.18,2025-10-08 20:08:30,34052
2.03,2025-10-08 20:08:51,34073
1.11,2025-10-08 20:09:13,34094
1.0,2025-10-08 20:09:34,34116
2.13,2025-10-08 20:09:55,34137
6.11,2025-10-08 20:10:16,34158
60.94,2025-10-08 20:10:37,34179
2.42,2025-10-08 20:10:59,34200
8.67,2025-10-08 20:11:21,34223
1.07,2025-10-08 20:11:44,34245
1.07,2025-10-08 20:12:06,34268
3.93,2025-10-08 20:12:29,34290
1.16,2025-10-08 20:12:51,34313
9.52,2025-10-08 20:13:14,34335
2.07,2025-10-08 20:13:36,34358
4.64,2025-10-08 20:13:59,34380
2.76,2025-10-08 20:14:21,34403
1.11,2025-10-08 20:14:44,34425
1.42,2025-10-08 20:15:06,34448
1.2,2025-10-08 20:15:29,34470
1.26,2025-10-08 20:15:51,34493
1.04,2025-10-08 20:16:14,34515
1.03,2025-10-08 20:16:36,34538
26.46,2025-10-08 20:16:59,34560
2.91,2025-10-08 20:17:21,34583
3.32,2025-10-08 20:17:44,34605
2.65,2025-10-08 20:18:06,34628
1.83,2025-10-08 20:18:29,34650
1.83,2025-10-08 20:18:51,34673
1.9,2025-10-08 20:19:14,34695
2.82,2025-10-08 20:19:36,34718
3.36,2025-10-08 20:19:59,34740
4.82,2025-10-08 20:20:21,34763
1.26,2025-10-08 20:20:44,34785
3.12,2025-10-08 20:21:06,34808
1.18,2025-10-08 20:21:29,34830
32.5,2025-10-08 20:21:51,34853
1.21,2025-10-08 20:22:14,34875
4.75,2025-10-08 20:22:36,34898
8.98,2025-10-08 20:22:59,34920
1.69,2025-10-08 20:23:22,34944
3.86,2025-10-08 20:23:45,34967
1.37,2025-10-08 20:24:08,34990
6.03,2025-10-08 20:24:31,35013
1.15,2025-10-08 20:24:55,35037
3.2,2025-10-08 20:25:18,35060
2.08,2025-10-08 20:25:41,35083
22.24,2025-10-08 20:26:04,35106
1.05,2025-10-08 20:26:28,35129
1.0,2025-10-08 20:26:51,35153
1.63,2025-10-08 20:27:14,35176
7.22,2025-10-08 20:27:37,35199
7.11,2025-10-08 20:28:00,35222
6.69,2025-10-08 20:28:24,35246
1.35,2025-10-08 20:28:47,35269
1.06,2025-10-08 20:29:10,35292
7.19,2025-10-08 20:29:33,35315
6.6,2025-10-08 20:29:57,35338
1.25,2025-10-08 20:30:20,35362
101.49,2025-10-08 20:30:43,35385
1.02,2025-10-08 20:31:06,35408
1.49,2025-10-08 20:31:29,35431
1.04,2025-10-08 20:31:53,35455
3.39,2025-10-08 20:32:16,35478
1.0,2025-10-08 20:32:39,35501
1.03,2025-10-08 20:33:02,35524
3.19,2025-10-08 20:33:26,35547
1.65,2025-10-08 20:33:49,35571
8.07,2025-10-08 20:34:12,35594
1.31,2025-10-08 20:34:35,35617
2.72,2025-10-08 20:34:59,35640
1.44,2025-10-08 20:35:24,35666
6.08,2025-10-08 20:35:50,35692
4.91,2025-10-08 20:36:16,35718
2.04,2025-10-08 20:36:41,35743
1.01,2025-10-08 20:37:07,35769
1.29,2025-10-08 20:37:33,35795
1.2,2025-10-08 20:37:59,35820
4.26,2025-10-08 20:38:24,35846
33.13,2025-10-08 20:38:50,35872
2.96,2025-10-08 20:39:16,35898
1.06,2025-10-08 20:39:41,35923
4.68,2025-10-08 20:40:07,35949
1.44,2025-10-08 20:40:33,35975
1.16,2025-10-08 20:40:59,36000
1.24,2025-10-08 20:41:24,36026
4.14,2025-10-08 20:41:50,36052
2.79,2025-10-08 20:42:16,36078
1.14,2025-10-08 20:42:41,36103
1.11,2025-10-08 20:43:07,36129
2.47,2025-10-08 20:43:33,36155
5.81,2025-10-08 20:43:59,36180
318.28,2025-10-08 20:44:24,36206
6.08,2025-10-08 20:44:50,36232
17.61,2025-10-08 20:45:16,36258
1.89,2025-10-08 20:45:41,36283
1.13,2025-10-08 20:46:07,36309
1.3,2025-10-08 20:46:33,36335
10.5,2025-10-08 20:46:59,36360
1.54,2025-10-08 20:47:22,36384
1.35,2025-10-08 20:47:45,36407
1.6,2025-10-08 20:48:08,36430
1.21,2025-10-08 20:48:31,36453
2.64,2025-10-08 20:48:55,36477
111.65,2025-10-08 20:49:18,36500
8.58,2025-10-08 20:49:41,36523
5.46,2025-10-08 20:50:04,36546
111.53,2025-10-08 20:50:28,36569
1.36,2025-10-08 20:50:51,36593
1.11,2025-10-08 20:51:14,36616
1.27,2025-10-08 20:51:37,36639
3.72,2025-10-08 20:52:00,36662
5.13,2025-10-08 20:52:24,36686
3.08,2025-10-08 20:52:47,36709
2.17,2025-10-08 20:53:10,36732
1.85,2025-10-08 20:53:33,36755
1.0,2025-10-08 20:53:57,36778
1.13,2025-10-08 20:54:20,36802
1.21,2025-10-08 20:54:43,36825
1.0,2025-10-08 20:55:06,36848
1.18,2025-10-08 20:55:29,36871
1.0,2025-10-08 20:55:53,36895
1.66,2025-10-08 20:56:16,36918
15.52,2025-10-08 20:56:39,36941
1.87,2025-10-08 20:57:02,36964
1.29,2025-10-08 20:57:26,36987
4.82,2025-10-08 20:57:49,37011
1.03,2025-10-08 20:58:12,37034
1.03,2025-10-08 20:58:35,37057
12.63,2025-10-08 20:58:59,37080
8.75,2025-10-08 20:59:20,37102
1.3,2025-10-08 20:59:42,37124
4.84,2025-10-08 21:00:04,37146
1.14,2025-10-08 21:00:26,37168
1.74,2025-10-08 21:00:48,37189
9.02,2025-10-08 21:01:09,37211
1.67,2025-10-08 21:01:31,37233
15.82,2025-10-08 21:01:53,37255
1.15,2025-10-08 21:02:15,37277
2.04,2025-10-08 21:02:37,37299
31.43,2025-10-08 21:02:59,37320
19.78,2025-10-08 21:03:20,37342
1.15,2025-10-08 21:03:42,37364
1.14,2025-10-08 21:04:04,37386
1.52,2025-10-08 21:04:26,37408
1.15,2025-10-08 21:04:48,37429
1.69,2025-10-08 21:05:09,37451
8.7,2025-10-08 21:05:31,37473
1.77,2025-10-08 21:05:53,37495
2.13,2025-10-08 21:06:15,37517
1.0,2025-10-08 21:06:37,37539
4.87,2025-10-08 21:06:59,37560
1.58,2025-10-08 21:07:20,37582
1.76,2025-10-08 21:07:42,37604
1.04,2025-10-08 21:08:04,37626
6.28,2025-10-08 21:08:26,37648
4.23,2025-10-08 21:08:48,37669
2.41,2025-10-08 21:09:09,37691
3.26,2025-10-08 21:09:31,37713
1.12,2025-10-08 21:09:53,37735
1.8,2025-10-08 21:10:15,37757
1.4,2025-10-08 21:10:37,37779
1.12,2025-10-08 21:10:59,37800
2.33,2025-10-08 21:11:25,37827
94.24,2025-10-08 21:11:52,37854
1.67,2025-10-08 21:12:19,37880
1.26,2025-10-08 21:12:45,37907
4.99,2025-10-08 21:13:12,37934
5.54,2025-10-08 21:13:39,37960
1.15,2025-10-08 21:14:05,37987
1.11,2025-10-08 21:14:32,38014
3.52,2025-10-08 21:14:59,38040
1.51,2025-10-08 21:15:25,38067
2.38,2025-10-08 21:15:52,38094
4.29,2025-10-08 21:16:19,38120
2.89,2025-10-08 21:16:45,38147
42.46,2025-10-08 21:17:12,38174
1.2,2025-10-08 21:17:39,38200
1.79,2025-10-08 21:18:05,38227
19.12,2025-10-08 21:18:32,38254
2.36,2025-10-08 21:18:59,38280
1.36,2025-10-08 21:19:25,38307
3.41,2025-10-08 21:19:52,38334
3.01,2025-10-08 21:20:19,38360
4.2,2025-10-08 21:20:45,38387
10.04,2025-10-08 21:21:12,38414
4.52,2025-10-08 21:21:39,38440
1.77,2025-10-08 21:22:05,38467
1.0,2025-10-08 21:22:32,38494
3.09,2025-10-08 21:22:59,38520
33.4,2025-10-08 21:23:22,38544
1.19,2025-10-08 21:23:45,38567
1.4,2025-10-08 21:24:08,38590
1.83,2025-10-08 21:24:31,38613
6.74,2025-10-08 21:24:55,38637
2.72,2025-10-08 21:25:18,38660
2.29,2025-10-08 21:25:41,38683
1.99,2025-10-08 21:26:04,38706
3.01,2025-10-08 21:26:28,38729
4.39,2025-10-08 21:26:51,38753
32.89,2025-10-08 21:27:14,38776
1.21,2025-10-08 21:27:37,38799
6.42,2025-10-08 21:28:00,38822
2.05,2025-10-08 21:28:24,38846
1.06,2025-10-08 21:28:47,38869
3.65,2025-10-08 21:29:10,38892
1.86,2025-10-08 21:29:33,38915
5.21,2025-10-08 21:29:57,38938
3.43,2025-10-08 21:30:20,38962
2.2,2025-10-08 21:30:43,38985
2.21,2025-10-08 21:31:06,39008
1.27,2025-10-08 21:31:29,39031
1.05,2025-10-08 21:31:53,39055
5.64,2025-10-08 21:32:16,39078
1.14,2025-10-08 21:32:39,39101
2.2,2025-10-08 21:33:02,39124
4.5,2025-10-08 21:33:26,39147
9.2,2025-10-08 21:33:49,39171
1.2,2025-10-08 21:34:12,39194
1.14,2025-10-08 21:34:35,39217
11.54,2025-10-08 21:34:59,39240
1.0,2025-10-08 21:35:17,39259
3.24,2025-10-08 21:35:35,39277
1.24,2025-10-08 21:35:54,39296
1.0,2025-10-08 21:36:12,39314
1.13,2025-10-08 21:36:31,39333
1.08,2025-10-08 21:36:49,39351
1.36,2025-10-08 21:37:08,39370
4.6,2025-10-08 21:37:26,39388
1.91,2025-10-08 21:37:45,39407
1.72,2025-10-08 21:38:03,39425
3.21,2025-10-08 21:38:22,39443
1.73,2025-10-08 21:38:40,39462
1.01,2025-10-08 21:38:59,39480
2.35,2025-10-08 21:39:17,39499
1.83,2025-10-08 21:39:35,39517
1.54,2025-10-08 21:39:54,39536
1.0,2025-10-08 21:40:12,39554
1.46,2025-10-08 21:40:31,39573
1.89,2025-10-08 21:40:49,39591
1.0,2025-10-08 21:41:08,39610
6.58,2025-10-08 21:41:26,39628
1.15,2025-10-08 21:41:45,39647
1.08,2025-10-08 21:42:03,39665
1.63,2025-10-08 21:42:22,39683
1.24,2025-10-08 21:42:40,39702
1.34,2025-10-08 21:42:59,39720
2.51,2025-10-08 21:43:17,39739
2.3,2025-10-08 21:43:35,39757
2.3,2025-10-08 21:43:54,39776
2.84,2025-10-08 21:44:12,39794
1.53,2025-10-08 21:44:31,39813
1.43,2025-10-08 21:44:49,39831
1.97,2025-10-08 21:45:08,39850
3.28,2025-10-08 21:45:26,39868
2.34,2025-10-08 21:45:45,39887
1.15,2025-10-08 21:46:03,39905
5.51,2025-10-08 21:46:22,39923
1.15,2025-10-08 21:46:40,39942
3.33,2025-10-08 21:46:59,39960
16.48,2025-10-08 21:47:25,39986
